{"LSTM": 0.6000000000000003, "GRU": 0.5100000000000002}