{"LSTM": 0.5000000000000002, "GRU": 0.5000000000000002}