{"LSTM": 0.6600000000000004, "GRU": 0.5300000000000002}