{"LSTM": 0.5100000000000002, "GRU": 0.49000000000000016}