{"LSTM": 0.4500000000000001, "GRU": 0.4500000000000001}