{"LSTM": 0.5900000000000003, "GRU": 0.6100000000000003}