{
  "accuracy": 0.6190476190476191,
  "f1": 0.6906077348066298,
  "precision": 0.5605381165919282,
  "recall": 0.8992805755395683,
  "confusion_matrix": [
    [
      57,
      98
    ],
    [
      14,
      125
    ]
  ],
  "auc_roc": 0.7134369923416105,
  "support": {
    "total": 294,
    "class_0": 155,
    "class_1": 139
  },
  "best_weights": {
    "rf": 0.4,
    "xgb": 0.4,
    "lstm": 0.2
  },
  "lstm_degenerate": false
}